4-nitroacetanilide,https://sds.chemicalsafety.com/sds/pda/msds/getpdf.ashx?action=msdsdocument&auth=200C200C200C200C2008207A200D2078200C200C200C200C200C200C200C200C200C2008&param1=ZmRwLjFfODMzMDUwMDNORQ==&unique=1735792033&session=cc598a83c777931396a61a1ab18b63b8&hostname=108.6.172.23
barium chloride,https://sds.chemicalsafety.com/sds/pda/msds/getpdf.ashx?action=msdsdocument&auth=200C200C200C200C2008207A200D2078200C200C200C200C200C200C200C200C200C2008&param1=ZmRwLjFfMzE5NTA5MzNORQ==&unique=1735792035&session=3b5bcd199289553f2cec230f2cf0e580&hostname=108.6.172.23
barium hydroxide (octahydrate),
calcium fluoride,https://sds.chemicalsafety.com/sds/pda/msds/getpdf.ashx?action=msdsdocument&auth=200C200C200C200C2008207A200D2078200C200C200C200C200C200C200C200C200C2008&param1=ZmRwLjFfODI5MzEwMDNORQ==&unique=1735792037&session=7106bde3eeeccc7146e12d3789f6391b&hostname=108.6.172.23
calcium oxide,https://sds.chemicalsafety.com/sds/pda/msds/getpdf.ashx?action=msdsdocument&auth=200C200C200C200C2008207A200D2078200C200C200C200C200C200C200C200C200C2008&param1=ZmRwLjFfNzI2NTAwMDNORQ==&unique=1735792039&session=adc17f95428e8fb0532bca9338f5a235&hostname=108.6.172.23
hydroxylammonium hydrochloride,
methylene blue,https://sds.chemicalsafety.com/sds/pda/msds/getpdf.ashx?action=msdsdocument&auth=200C200C200C200C2008207A200D2078200C200C200C200C200C200C200C200C200C2008&param1=ZmRwLjFfMDM3MTEwMDNORQ==&unique=1735792042&session=145c6c4c63e23bcfbf8d653b1f2cf9d2&hostname=108.6.172.23
paradichlorobenzene,
potassium chromate,https://sds.chemicalsafety.com/sds/pda/msds/getpdf.ashx?action=msdsdocument&auth=200C200C200C200C2008207A200D2078200C200C200C200C200C200C200C200C200C2008&param1=ZmRwLjJfMDA1NDYxMzNORQ==&unique=1735792044&session=258d133354b971f49941dfcb5201ded8&hostname=108.6.172.23
potassium oxalate,https://sds.chemicalsafety.com/sds/pda/msds/getpdf.ashx?action=msdsdocument&auth=200C200C200C200C2008207A200D2078200C200C200C200C200C200C200C200C200C2008&param1=ZmRwLjFfMTcyMzc0MzNORQ==&unique=1735792046&session=5c1ac64912da47b31dd7bf08a3739ba6&hostname=108.6.172.23
salicylic acid,https://sds.chemicalsafety.com/sds/pda/msds/getpdf.ashx?action=msdsdocument&auth=200C200C200C200C2008207A200D2078200C200C200C200C200C200C200C200C200C2008&param1=ZmRwLjFfMDU0MzY1MDNORQ==&unique=1735792048&session=925fe73893ffcc5ea46dd132023fb481&hostname=108.6.172.23
sodium bisulfate,https://sds.chemicalsafety.com/sds/pda/msds/getpdf.ashx?action=msdsdocument&auth=200C200C200C200C2008207A200D2078200C200C200C200C200C200C200C200C200C2008&param1=ZmRwLjFfNDE2MzE1MzNORQ==&unique=1735792050&session=c49e16ef26861b78bdcaa1b39b894436&hostname=108.6.172.23
sodium chromate,https://sds.chemicalsafety.com/sds/pda/msds/getpdf.ashx?action=msdsdocument&auth=200C200C200C200C2008207A200D2078200C200C200C200C200C200C200C200C200C2008&param1=ZmRwLjFfOTM5NDAwMDNORQ==&unique=1735792052&session=fb5a21b0a0f887001e28ed8dc86f7259&hostname=108.6.172.23
sodium oxalate,https://sds.chemicalsafety.com/sds/pda/msds/getpdf.ashx?action=msdsdocument&auth=200C200C200C200C2008207A200D2078200C200C200C200C200C200C200C200C200C2008&param1=ZmRwLjFfMDA3MTEwMDNORQ==&unique=1735792054&session=e69177b83ec912933316256ee4eb449b&hostname=108.6.172.23
stannic chloride,https://sds.chemicalsafety.com/sds/pda/msds/getpdf.ashx?action=msdsdocument&auth=200C200C200C200C2008207A200D2078200C200C200C200C200C200C200C200C200C2008&param1=ZmRwLjFfMTQ2MTkxMDNORQ==&unique=1735792056&session=8ee6eb3cd76bc9341d04bb2127d12ff8&hostname=108.6.172.23
stannous chloride,https://sds.chemicalsafety.com/sds/pda/msds/getpdf.ashx?action=msdsdocument&auth=200C200C200C200C2008207A200D2078200C200C200C200C200C200C200C200C200C2008&param1=ZmRwLjFfNTk4MzY3NDNORQ==&unique=1735792058&session=8a7683da0517af6eb8bdb6a8bdde7777&hostname=108.6.172.23
zinc chloride,https://sds.chemicalsafety.com/sds/pda/msds/getpdf.ashx?action=msdsdocument&auth=200C200C200C200C2008207A200D2078200C200C200C200C200C200C200C200C200C2008&param1=ZmRwLjFfMDU3MTQxMjNORQ==&unique=1735792061&session=71113cb2325bdf7376c6e04cb150f50a&hostname=108.6.172.23
aluminum chloride,https://sds.chemicalsafety.com/sds/pda/msds/getpdf.ashx?action=msdsdocument&auth=200C200C200C200C2008207A200D2078200C200C200C200C200C200C200C200C200C2008&param1=ZmRwLjNfNTE3MTQxMjNORQ==&unique=1735792063&session=4078287981b0e5de2ac45bb33fc90814&hostname=108.6.172.23
aluminum hydroxide,https://sds.chemicalsafety.com/sds/pda/msds/getpdf.ashx?action=msdsdocument&auth=200C200C200C200C2008207A200D2078200C200C200C200C200C200C200C200C200C2008&param1=ZmRwLjFfMDgzOTMxMzNORQ==&unique=1735792065&session=d6110c8d37e2e46e521c02bd8716313a&hostname=108.6.172.23
aluminum pellets,https://sds.chemicalsafety.com/sds/pda/msds/getpdf.ashx?action=msdsdocument&auth=200C200C200C200C2008207A200D2078200C200C200C200C200C200C200C200C200C2008&param1=ZmRwLjFfMzcwOTQ0MDNORQ==&unique=1735792067&session=1ff37b852e7313a24787096310e57958&hostname=108.6.172.23
aluminum potassium sulfate,https://sds.chemicalsafety.com/sds/pda/msds/getpdf.ashx?action=msdsdocument&auth=200C200C200C200C2008207A200D2078200C200C200C200C200C200C200C200C200C2008&param1=ZmRwLjFfOTg1ODM3MzNORQ==&unique=1735792073&session=2397939e3ca08582473d69bb4be7b6b0&hostname=108.6.172.23
aluminum shot,https://sds.chemicalsafety.com/sds/pda/msds/getpdf.ashx?action=msdsdocument&auth=200C200C200C200C2008207A200D2078200C200C200C200C200C200C200C200C200C2008&param1=ZmRwLjFfNTUyNDIwMDNORQ==&unique=1735792075&session=274e0854031815dd6ef36b5856efce73&hostname=108.6.172.23
aluminum sulfate,https://sds.chemicalsafety.com/sds/pda/msds/getpdf.ashx?action=msdsdocument&auth=200C200C200C200C2008207A200D2078200C200C200C200C200C200C200C200C200C2008&param1=ZmRwLjFfNTMxMTc0MzNORQ==&unique=1735792082&session=c867d63ed3adb5d76900380cb692b8fc&hostname=108.6.172.23
ammonium chloride,https://sds.chemicalsafety.com/sds/pda/msds/getpdf.ashx?action=msdsdocument&auth=200C200C200C200C2008207A200D2078200C200C200C200C200C200C200C200C200C2008&param1=ZmRwLjFfNTE0NDEwMDNORQ==&unique=1735792084&session=9ec99eff63388cd1728de8bfd65912f1&hostname=108.6.172.23
ammonium oxalate,https://sds.chemicalsafety.com/sds/pda/msds/getpdf.ashx?action=msdsdocument&auth=200C200C200C200C2008207A200D2078200C200C200C200C200C200C200C200C200C2008&param1=ZmRwLjFfMDQ2OTMxMzNORQ==&unique=1735792086&session=a2102abc4c9e205c2304915c925a65c0&hostname=108.6.172.23
ammonium thiocyanate,https://sds.chemicalsafety.com/sds/pda/msds/getpdf.ashx?action=msdsdocument&auth=200C200C200C200C2008207A200D2078200C200C200C200C200C200C200C200C200C2008&param1=ZmRwLjFfMjcwNDU5MjNORQ==&unique=1735792088&session=817d2c5cae5ed9719fafe5147e54fb1f&hostname=108.6.172.23
barium sulfate,https://sds.chemicalsafety.com/sds/pda/msds/getpdf.ashx?action=msdsdocument&auth=200C200C200C200C2008207A200D2078200C200C200C200C200C200C200C200C200C2008&param1=ZmRwLjFfNzU5NDAwMDNORQ==&unique=1735792095&session=b35890ad15ac745d87998bda58e4030f&hostname=108.6.172.23
benzoic acid,https://sds.chemicalsafety.com/sds/pda/msds/getpdf.ashx?action=msdsdocument&auth=200C200C200C200C2008207A200D2078200C200C200C200C200C200C200C200C200C2008&param1=ZmRwLjFfMDExOTQ5MjNORQ==&unique=1735792102&session=4a7a8c03d5b2ad9f2ec312d8f947eeb5&hostname=108.6.172.23
benzophenone,https://sds.chemicalsafety.com/sds/pda/msds/getpdf.ashx?action=msdsdocument&auth=200C200C200C200C2008207A200D2078200C200C200C200C200C200C200C200C200C2008&param1=ZmRwLjFfNjUwODAwMDNORQ==&unique=1735792104&session=83364806460dcbabe4fb187692855bf6&hostname=108.6.172.23
boric acid,https://sds.chemicalsafety.com/sds/pda/msds/getpdf.ashx?action=msdsdocument&auth=200C200C200C200C2008207A200D2078200C200C200C200C200C200C200C200C200C2008&param1=ZmRwLjFfNzU2MzEwMDNORQ==&unique=1735792106&session=a80ebe26ffdff7db146ee55d5dbb69d9&hostname=108.6.172.23
calcium acetate,https://sds.chemicalsafety.com/sds/pda/msds/getpdf.ashx?action=msdsdocument&auth=200C200C200C200C2008207A200D2078200C200C200C200C200C200C200C200C200C2008&param1=ZmRwLjFfMzEyOTk3MzNORQ==&unique=1735792108&session=9230b45814d5c04674ea00c4ad8aea51&hostname=108.6.172.23
calcium carbonate (marble),
calcium chloride,https://sds.chemicalsafety.com/sds/pda/msds/getpdf.ashx?action=msdsdocument&auth=200C200C200C200C2008207A200D2078200C200C200C200C200C200C200C200C200C2008&param1=ZmRwLjFfOTU5MzEwMDNORQ==&unique=1735792110&session=7436144d98d436b5ecacbf1f8fb7f65a&hostname=108.6.172.23
calcium hydroxide,https://sds.chemicalsafety.com/sds/pda/msds/getpdf.ashx?action=msdsdocument&auth=200C200C200C200C2008207A200D2078200C200C200C200C200C200C200C200C200C2008&param1=ZmRwLjFfMjA2NTAwMDNORQ==&unique=1735792112&session=3242fb20dd7e323d26810a126da1b32f&hostname=108.6.172.23
citric acid,https://sds.chemicalsafety.com/sds/pda/msds/getpdf.ashx?action=msdsdocument&auth=200C200C200C200C2008207A200D2078200C200C200C200C200C200C200C200C200C2008&param1=ZmRwLjFfNzI2MDU5MjNORQ==&unique=1735792114&session=1ed609621260f3d6f26e549c60dc8f6b&hostname=108.6.172.23
cobalt chloride,https://sds.chemicalsafety.com/sds/pda/msds/getpdf.ashx?action=msdsdocument&auth=200C200C200C200C2008207A200D2078200C200C200C200C200C200C200C200C200C2008&param1=ZmRwLjJfNzg1MzQxMzNORQ==&unique=1735792121&session=d8b403d35230e9ab8f4b5214f739fb4f&hostname=108.6.172.23
copper shot,https://sds.chemicalsafety.com/sds/pda/msds/getpdf.ashx?action=msdsdocument&auth=200C200C200C200C2008207A200D2078200C200C200C200C200C200C200C200C200C2008&param1=ZmRwLjFfODk0NjIwMDNORQ==&unique=1735792123&session=250eafe4b9e888f26eb337d95d5fd3fa&hostname=108.6.172.23
cupric acetate,https://sds.chemicalsafety.com/sds/pda/msds/getpdf.ashx?action=msdsdocument&auth=200C200C200C200C2008207A200D2078200C200C200C200C200C200C200C200C200C2008&param1=ZmRwLjFfMjMxMjkxMDNORQ==&unique=1735792129&session=cc2e3451ba46cc4a27fa2a06378cb12f&hostname=108.6.172.23
cupric chloride,https://sds.chemicalsafety.com/sds/pda/msds/getpdf.ashx?action=msdsdocument&auth=200C200C200C200C2008207A200D2078200C200C200C200C200C200C200C200C200C2008&param1=ZmRwLjFfMTYxMjkxMDNORQ==&unique=1735792131&session=d854866fbdf65cfd63044f2947b00937&hostname=108.6.172.23
cupric sulfate (anhydrous),
cupric sulfate pentahydrate,https://sds.chemicalsafety.com/sds/pda/msds/getpdf.ashx?action=msdsdocument&auth=200C200C200C200C2008207A200D2078200C200C200C200C200C200C200C200C200C2008&param1=ZmRwLjFfOTMzNTEwMDNORQ==&unique=1735792133&session=1772c2724755dab6fe77404502bd03a1&hostname=108.6.172.23
cuprous chloride,https://sds.chemicalsafety.com/sds/pda/msds/getpdf.ashx?action=msdsdocument&auth=200C200C200C200C2008207A200D2078200C200C200C200C200C200C200C200C200C2008&param1=ZmRwLjFfNzEyMjkxMDNORQ==&unique=1735792135&session=8b0a98c00361b9eab2121b26bb88ac08&hostname=108.6.172.23
ferric ammonium citrate,https://sds.chemicalsafety.com/sds/pda/msds/getpdf.ashx?action=msdsdocument&auth=200C200C200C200C2008207A200D2078200C200C200C200C200C200C200C200C200C2008&param1=ZmRwLjFfMDUwOTQ0MDNORQ==&unique=1735792138&session=60af2bb0cc6a765f90ceda18d103326e&hostname=108.6.172.23
ferric chloride,https://sds.chemicalsafety.com/sds/pda/msds/getpdf.ashx?action=msdsdocument&auth=200C200C200C200C2008207A200D2078200C200C200C200C200C200C200C200C200C2008&param1=ZmRwLjFfMTU0MTY5MjNORQ==&unique=1735792140&session=542bdc5b23310148fe21231acf1a6082&hostname=108.6.172.23
ferrous sulfate,https://sds.chemicalsafety.com/sds/pda/msds/getpdf.ashx?action=msdsdocument&auth=200C200C200C200C2008207A200D2078200C200C200C200C200C200C200C200C200C2008&param1=ZmRwLjFfMTE1NDcyMzNORQ==&unique=1735792142&session=213f2a9a71119009432c02ea1a483f8b&hostname=108.6.172.23
fluorescein,https://sds.chemicalsafety.com/sds/pda/msds/getpdf.ashx?action=msdsdocument&auth=200C200C200C200C2008207A200D2078200C200C200C200C200C200C200C200C200C2008&param1=ZmRwLjFfMDU2Mzk5MzNORQ==&unique=1735792144&session=ba064c604a755165ef41f8bf0578354a&hostname=108.6.172.23
fumaric acid,https://sds.chemicalsafety.com/sds/pda/msds/getpdf.ashx?action=msdsdocument&auth=200C200C200C200C2008207A200D2078200C200C200C200C200C200C200C200C200C2008&param1=ZmRwLjFfMzEwOTAwMDNORQ==&unique=1735792146&session=ce9bf0c0250fcc1cdba58015272c0045&hostname=108.6.172.23
iron filings,https://sds.chemicalsafety.com/sds/pda/msds/getpdf.ashx?action=msdsdocument&auth=200C200C200C200C2008207A200D2078200C200C200C200C200C200C200C200C200C2008&param1=ZmRwLjFfOTE2ODU5MjNORQ==&unique=1735792148&session=55c9ec0da45e54fed5eaf09ffb5353aa&hostname=108.6.172.23
lauric acid,https://sds.chemicalsafety.com/sds/pda/msds/getpdf.ashx?action=msdsdocument&auth=200C200C200C200C2008207A200D2078200C200C200C200C200C200C200C200C200C2008&param1=ZmRwLjFfNzcyNzAwMDNORQ==&unique=1735792154&session=67c3292107032a0d7a94670952b6ebcb&hostname=108.6.172.23
lead shot,https://sds.chemicalsafety.com/sds/pda/msds/getpdf.ashx?action=msdsdocument&auth=200C200C200C200C2008207A200D2078200C200C200C200C200C200C200C200C200C2008&param1=ZmRwLjJfOTI0NjIwMDNORQ==&unique=1735792156&session=eb273a6ac1765308356a88c2d7eca3ea&hostname=108.6.172.23
lithium chloride,https://sds.chemicalsafety.com/sds/pda/msds/getpdf.ashx?action=msdsdocument&auth=200C200C200C200C2008207A200D2078200C200C200C200C200C200C200C200C200C2008&param1=ZmRwLjFfOTU0MjM0MDNORQ==&unique=1735792159&session=b13b3be152d0690c169fd1141b04d108&hostname=108.6.172.23
lycopodium powder,
magnesium sulfate,https://sds.chemicalsafety.com/sds/pda/msds/getpdf.ashx?action=msdsdocument&auth=200C200C200C200C2008207A200D2078200C200C200C200C200C200C200C200C200C2008&param1=ZmRwLjFfNzU4NzgxMjNORQ==&unique=1735792161&session=3bab42cb5516d8651ff477432073db70&hostname=108.6.172.23
maleic acid,https://sds.chemicalsafety.com/sds/pda/msds/getpdf.ashx?action=msdsdocument&auth=200C200C200C200C2008207A200D2078200C200C200C200C200C200C200C200C200C2008&param1=ZmRwLjFfMzk1NTU5MjNORQ==&unique=1735792168&session=05799c4a40b9fd29ce34c6b31ab37c64&hostname=108.6.172.23
magnesium hydroxide,https://sds.chemicalsafety.com/sds/pda/msds/getpdf.ashx?action=msdsdocument&auth=200C200C200C200C2008207A200D2078200C200C200C200C200C200C200C200C200C2008&param1=ZmRwLjFfNjc3NDAwMDNORQ==&unique=1735792170&session=ec9af4175490374b409097d908431de3&hostname=108.6.172.23
manganese dioxide,https://sds.chemicalsafety.com/sds/pda/msds/getpdf.ashx?action=msdsdocument&auth=200C200C200C200C2008207A200D2078200C200C200C200C200C200C200C200C200C2008&param1=ZmRwLjFfMTUwNTUyMDNORQ==&unique=1735792171&session=03c7ba26a7532cbb790960df57c2c953&hostname=108.6.172.23
manganese sulfate,https://sds.chemicalsafety.com/sds/pda/msds/getpdf.ashx?action=msdsdocument&auth=200C200C200C200C2008207A200D2078200C200C200C200C200C200C200C200C200C2008&param1=ZmRwLjFfMDkyNDEwMDNORQ==&unique=1735792174&session=e1aef3e49f040339f579f4641fdc22cc&hostname=108.6.172.23
nickel shot,https://sds.chemicalsafety.com/sds/pda/msds/getpdf.ashx?action=msdsdocument&auth=200C200C200C200C2008207A200D2078200C200C200C200C200C200C200C200C200C2008&param1=ZmRwLjFfNDM3NDIwMDNORQ==&unique=1735792175&session=8a271261e49aabced74ba83c4322fa6c&hostname=108.6.172.23
phenolphthalein solid,
potassium bisulfate,https://sds.chemicalsafety.com/sds/pda/msds/getpdf.ashx?action=msdsdocument&auth=200C200C200C200C2008207A200D2078200C200C200C200C200C200C200C200C200C2008&param1=ZmRwLjFfMTE2NjgxMjNORQ==&unique=1735792178&session=2969f1951c349317ed6084d2c4e4f309&hostname=108.6.172.23
potassium bitartrate,https://sds.chemicalsafety.com/sds/pda/msds/getpdf.ashx?action=msdsdocument&auth=200C200C200C200C2008207A200D2078200C200C200C200C200C200C200C200C200C2008&param1=ZmRwLjFfNTgwNDYxMTNORQ==&unique=1735792180&session=63209d9d0627c96898478728145bb27d&hostname=108.6.172.23
potassium bromide,https://sds.chemicalsafety.com/sds/pda/msds/getpdf.ashx?action=msdsdocument&auth=200C200C200C200C2008207A200D2078200C200C200C200C200C200C200C200C200C2008&param1=ZmRwLjFfOTk0MzU5MjNORQ==&unique=1735792186&session=a412f7683a9703fc100be711e0ef0b17&hostname=108.6.172.23
potassium chloride,https://sds.chemicalsafety.com/sds/pda/msds/getpdf.ashx?action=msdsdocument&auth=200C200C200C200C2008207A200D2078200C200C200C200C200C200C200C200C200C2008&param1=ZmRwLjFfMTE5NjM2MzNORQ==&unique=1735792188&session=7150167879fbd350aae7797cdb64278f&hostname=108.6.172.23
potassium ferricyanide,https://sds.chemicalsafety.com/sds/pda/msds/getpdf.ashx?action=msdsdocument&auth=200C200C200C200C2008207A200D2078200C200C200C200C200C200C200C200C200C2008&param1=ZmRwLjFfMjYyNTUyMDNORQ==&unique=1735792190&session=879b3af4f0365e2758192a7ed26780b0&hostname=108.6.172.23
potassium ferrocyanide,https://sds.chemicalsafety.com/sds/pda/msds/getpdf.ashx?action=msdsdocument&auth=200C200C200C200C2008207A200D2078200C200C200C200C200C200C200C200C200C2008&param1=ZmRwLjFfNzkxOTk4MzNORQ==&unique=1735792197&session=af377b0609b38912d3920d9957377afc&hostname=108.6.172.23
potassium hydrogen phthalate,https://sds.chemicalsafety.com/sds/pda/msds/getpdf.ashx?action=msdsdocument&auth=200C200C200C200C2008207A200D2078200C200C200C200C200C200C200C200C200C2008&param1=ZmRwLjFfMTE2ODY5MzNORQ==&unique=1735792199&session=e7869428c04e598def01de46f82ca3b7&hostname=108.6.172.23
potassium iodide,https://sds.chemicalsafety.com/sds/pda/msds/getpdf.ashx?action=msdsdocument&auth=200C200C200C200C2008207A200D2078200C200C200C200C200C200C200C200C200C2008&param1=ZmRwLjFfMDExNDU5MjNORQ==&unique=1735792201&session=7ecdf70dbae3c6b16dc45b3f6759b9fc&hostname=108.6.172.23
"potassium phosphate, dibasic",https://sds.chemicalsafety.com/sds/pda/msds/getpdf.ashx?action=msdsdocument&auth=200C200C200C200C2008207A200D2078200C200C200C200C200C200C200C200C200C2008&param1=ZmRwLjFfMTM1NDAyMDNORQ==&unique=1735792203&session=7f26288f52d4629b4b4ad8d87a947115&hostname=108.6.172.23
"potassium phosphate, monobasic",https://sds.chemicalsafety.com/sds/pda/msds/getpdf.ashx?action=msdsdocument&auth=200C200C200C200C2008207A200D2078200C200C200C200C200C200C200C200C200C2008&param1=ZmRwLjFfODk0MjA2MDNORQ==&unique=1735792209&session=4e76e2f1fab72e855d809d7338aba376&hostname=108.6.172.23
potassium sodium tartrate,https://sds.chemicalsafety.com/sds/pda/msds/getpdf.ashx?action=msdsdocument&auth=200C200C200C200C2008207A200D2078200C200C200C200C200C200C200C200C200C2008&param1=ZmRwLjFfOTAxMTY4MzNORQ==&unique=1735792211&session=c8a708486d7cff57222a7048e4053816&hostname=108.6.172.23
potassium thiocyanate,https://sds.chemicalsafety.com/sds/pda/msds/getpdf.ashx?action=msdsdocument&auth=200C200C200C200C2008207A200D2078200C200C200C200C200C200C200C200C200C2008&param1=ZmRwLjFfMjgxODYxMzNORQ==&unique=1735792213&session=a42d8bc16432a74b3e3bd39e03bad997&hostname=108.6.172.23
sodium acetate,https://sds.chemicalsafety.com/sds/pda/msds/getpdf.ashx?action=msdsdocument&auth=200C200C200C200C2008207A200D2078200C200C200C200C200C200C200C200C200C2008&param1=ZmRwLjFfOTcwMTkxMDNORQ==&unique=1735792215&session=658480ae740f98b5536260e2520a8890&hostname=108.6.172.23
sodium bicarbonate,https://sds.chemicalsafety.com/sds/pda/msds/getpdf.ashx?action=msdsdocument&auth=200C200C200C200C2008207A200D2078200C200C200C200C200C200C200C200C200C2008&param1=ZmRwLjFfNzcwODExMzNORQ==&unique=1735792222&session=ea0a1b4d43a8452dd2ae8324f5dea2e9&hostname=108.6.172.23
sodium bisulfite,https://sds.chemicalsafety.com/sds/pda/msds/getpdf.ashx?action=msdsdocument&auth=200C200C200C200C2008207A200D2078200C200C200C200C200C200C200C200C200C2008&param1=ZmRwLjFfMDIyNjAwMDNORQ==&unique=1735792224&session=6b62c33852df8f09ece9c11ff4bc2f66&hostname=108.6.172.23
sodium borate,https://sds.chemicalsafety.com/sds/pda/msds/getpdf.ashx?action=msdsdocument&auth=200C200C200C200C2008207A200D2078200C200C200C200C200C200C200C200C200C2008&param1=ZmRwLjFfNTkwMjkxMDNORQ==&unique=1735792226&session=24d5ee12501d01eeaf1f06598342f53b&hostname=108.6.172.23
sodium bromide,https://sds.chemicalsafety.com/sds/pda/msds/getpdf.ashx?action=msdsdocument&auth=200C200C200C200C2008207A200D2078200C200C200C200C200C200C200C200C200C2008&param1=ZmRwLjFfNDk4NDAwMDNORQ==&unique=1735792228&session=2290b905b0db8fa12ec3d758ab128fca&hostname=108.6.172.23
sodium carbonate,https://sds.chemicalsafety.com/sds/pda/msds/getpdf.ashx?action=msdsdocument&auth=200C200C200C200C2008207A200D2078200C200C200C200C200C200C200C200C200C2008&param1=ZmRwLjFfODQyNjAwMDNORQ==&unique=1735792235&session=171601a4b6b27a17a029a7dd8f5821f3&hostname=108.6.172.23
sodium chloride,https://sds.chemicalsafety.com/sds/pda/msds/getpdf.ashx?action=msdsdocument&auth=200C200C200C200C2008207A200D2078200C200C200C200C200C200C200C200C200C2008&param1=ZmRwLjFfNzA5NDAwMDNORQ==&unique=1735792237&session=eab50b106c57d06f2893a8e4d112bb2e&hostname=108.6.172.23
sodium citrate,https://sds.chemicalsafety.com/sds/pda/msds/getpdf.ashx?action=msdsdocument&auth=200C200C200C200C2008207A200D2078200C200C200C200C200C200C200C200C200C2008&param1=ZmRwLjFfNDA4NDUxMTNORQ==&unique=1735792244&session=fde5f19152fb4d4b2382953b6360f8fb&hostname=108.6.172.23
sodium fluoride,https://sds.chemicalsafety.com/sds/pda/msds/getpdf.ashx?action=msdsdocument&auth=200C200C200C200C2008207A200D2078200C200C200C200C200C200C200C200C200C2008&param1=ZmRwLjFfMjE5NDAwMDNORQ==&unique=1735792246&session=6531c742a9f041331ca78806cb66beef&hostname=108.6.172.23
sodium iodide,https://sds.chemicalsafety.com/sds/pda/msds/getpdf.ashx?action=msdsdocument&auth=200C200C200C200C2008207A200D2078200C200C200C200C200C200C200C200C200C2008&param1=ZmRwLjFfNzI5NDAwMDNORQ==&unique=1735792248&session=c3d7ec699a508f86851e94019351ca88&hostname=108.6.172.23
sodium phosphate,https://sds.chemicalsafety.com/sds/pda/msds/getpdf.ashx?action=msdsdocument&auth=200C200C200C200C2008207A200D2078200C200C200C200C200C200C200C200C200C2008&param1=ZmRwLjFfNDU1ODYwMDNORQ==&unique=1735792250&session=a1ec0c822bc552e4693b8ba76f4eef61&hostname=108.6.172.23
sodium polyacrylate,https://sds.chemicalsafety.com/sds/pda/msds/getpdf.ashx?action=msdsdocument&auth=200C200C200C200C2008207A200D2078200C200C200C200C200C200C200C200C200C2008&param1=ZmRwLjFfMzYwMTgwMDNORQ==&unique=1735792252&session=6939c4801b640a37243b0ea9e55fe114&hostname=108.6.172.23
sodium salicylate,https://sds.chemicalsafety.com/sds/pda/msds/getpdf.ashx?action=msdsdocument&auth=200C200C200C200C2008207A200D2078200C200C200C200C200C200C200C200C200C2008&param1=ZmRwLjFfNDE1ODYxMzNORQ==&unique=1735792258&session=d1b6cababe8541c78cfa1634d4d6bf32&hostname=108.6.172.23
sodium sulfate,https://sds.chemicalsafety.com/sds/pda/msds/getpdf.ashx?action=msdsdocument&auth=200C200C200C200C2008207A200D2078200C200C200C200C200C200C200C200C200C2008&param1=ZmRwLjFfMTA5NDAwMDNORQ==&unique=1735792260&session=de41ab7af96db195756bd3e846b5e347&hostname=108.6.172.23
sodium sulfite,https://sds.chemicalsafety.com/sds/pda/msds/getpdf.ashx?action=msdsdocument&auth=200C200C200C200C2008207A200D2078200C200C200C200C200C200C200C200C200C2008&param1=ZmRwLjFfMjA5NDAwMDNORQ==&unique=1735792267&session=2f2b6c658fcf678732a4f1cd5d5ffc1e&hostname=108.6.172.23
sodium thiocyanate,https://sds.chemicalsafety.com/sds/pda/msds/getpdf.ashx?action=msdsdocument&auth=200C200C200C200C2008207A200D2078200C200C200C200C200C200C200C200C200C2008&param1=ZmRwLjFfNTczMzAwMDNORQ==&unique=1735792269&session=206e95f71075aff3d89915a70f95f27c&hostname=108.6.172.23
sodium thiosulfate anhydrous,https://sds.chemicalsafety.com/sds/pda/msds/getpdf.ashx?action=msdsdocument&auth=200C200C200C200C2008207A200D2078200C200C200C200C200C200C200C200C200C2008&param1=ZmRwLjFfODc0NjMxMzNORQ==&unique=1735792271&session=cb865ef39b283fe03acd94c502368dee&hostname=108.6.172.23
sodium thiosulfate pentahydrate,https://sds.chemicalsafety.com/sds/pda/msds/getpdf.ashx?action=msdsdocument&auth=200C200C200C200C2008207A200D2078200C200C200C200C200C200C200C200C200C2008&param1=ZmRwLjFfMDIxNDEwMDNORQ==&unique=1735792278&session=e78dc41a4f00c876ed267420120c6d74&hostname=108.6.172.23
stearic acid,https://sds.chemicalsafety.com/sds/pda/msds/getpdf.ashx?action=msdsdocument&auth=200C200C200C200C2008207A200D2078200C200C200C200C200C200C200C200C200C2008&param1=ZmRwLjFfNzUxMjEwMDNORQ==&unique=1735792284&session=6f465dc86fa48a5b4829bf5e830e9a65&hostname=108.6.172.23
strontium chloride,https://sds.chemicalsafety.com/sds/pda/msds/getpdf.ashx?action=msdsdocument&auth=200C200C200C200C2008207A200D2078200C200C200C200C200C200C200C200C200C2008&param1=ZmRwLjFfODY1MTc4MzNORQ==&unique=1735792291&session=95ee8d133c088267289df8e9ccadd23b&hostname=108.6.172.23
sulfur,https://sds.chemicalsafety.com/sds/pda/msds/getpdf.ashx?action=msdsdocument&auth=200C200C200C200C2008207A200D2078200C200C200C200C200C200C200C200C200C2008&param1=ZmRwLjFfMTQyMDI0MDNORQ==&unique=1735792293&session=6ef08b0678e6e10dd33d0216b281bc73&hostname=108.6.172.23
tartaric acid,https://sds.chemicalsafety.com/sds/pda/msds/getpdf.ashx?action=msdsdocument&auth=200C200C200C200C2008207A200D2078200C200C200C200C200C200C200C200C200C2008&param1=ZmRwLjFfMDQwMjkxMDNORQ==&unique=1735792295&session=55908ebc9e0314a0bf6b8d00b6dbf68d&hostname=108.6.172.23
tin,https://sds.chemicalsafety.com/sds/pda/msds/getpdf.ashx?action=msdsdocument&auth=200C200C200C200C2008207A200D2078200C200C200C200C200C200C200C200C200C2008&param1=ZmRwLjIxXzYzOTQxNjAzTkU=&unique=1735792297&session=5e293e39ffc04887a2476b28d9200ded&hostname=108.6.172.23
urea,https://sds.chemicalsafety.com/sds/pda/msds/getpdf.ashx?action=msdsdocument&auth=200C200C200C200C2008207A200D2078200C200C200C200C200C200C200C200C200C2008&param1=ZmRwLjFfMTYxNDU5MjNORQ==&unique=1735792304&session=1416b1bf6a47489b4496295676009dc0&hostname=108.6.172.23
zinc,https://sds.chemicalsafety.com/sds/pda/msds/getpdf.ashx?action=msdsdocument&auth=200C200C200C200C2008207A200D2078200C200C200C200C200C200C200C200C200C2008&param1=ZmRwLjIxXzQ3MTA4NjAzTkU=&unique=1735792311&session=3ad2ac04fdf5eeb733d7c1601f1336d1&hostname=108.6.172.23
zinc carbonate,https://sds.chemicalsafety.com/sds/pda/msds/getpdf.ashx?action=msdsdocument&auth=200C200C200C200C2008207A200D2078200C200C200C200C200C200C200C200C200C2008&param1=ZmRwLjFfNjQ2NzI0MzNORQ==&unique=1735792313&session=5cda2c32c4ffe8e5d2d407bdbb6b98e7&hostname=108.6.172.23
zinc sulfate,https://sds.chemicalsafety.com/sds/pda/msds/getpdf.ashx?action=msdsdocument&auth=200C200C200C200C2008207A200D2078200C200C200C200C200C200C200C200C200C2008&param1=ZmRwLjFfMTI3NDE4MzNORQ==&unique=1735792315&session=a1cb9d633e317a57753967c1e5a507bd&hostname=108.6.172.23
zinc sulfide,https://sds.chemicalsafety.com/sds/pda/msds/getpdf.ashx?action=msdsdocument&auth=200C200C200C200C2008207A200D2078200C200C200C200C200C200C200C200C200C2008&param1=ZmRwLjJfNjU3NzYxMzNORQ==&unique=1735792317&session=2fb3ded443b968b047826a68c46d1616&hostname=108.6.172.23
1-dodecanol,https://sds.chemicalsafety.com/sds/pda/msds/getpdf.ashx?action=msdsdocument&auth=200C200C200C200C2008207A200D2078200C200C200C200C200C200C200C200C200C2008&param1=ZmRwLjFfMTQwNzAwMDNORQ==&unique=1735792319&session=7b2c949214eeb9efbd5842569f5bf047&hostname=108.6.172.23
acetone,https://sds.chemicalsafety.com/sds/pda/msds/getpdf.ashx?action=msdsdocument&auth=200C200C200C200C2008207A200D2078200C200C200C200C200C200C200C200C200C2008&param1=ZmRwLjFfNjYwNDAwMDNORQ==&unique=1735792321&session=e51bf5e5531d8de99d4bd032d9204816&hostname=108.6.172.23
calcium metal (turnings),
ethyl alcohol,https://sds.chemicalsafety.com/sds/pda/msds/getpdf.ashx?action=msdsdocument&auth=200C200C200C200C2008207A200D2078200C200C200C200C200C200C200C200C200C2008&param1=ZmRwLjJfMzI4NTY5MzNORQ==&unique=1735792323&session=64772db2d94812c95f789fa846f45bcc&hostname=108.6.172.23
ethylene glycol,https://sds.chemicalsafety.com/sds/pda/msds/getpdf.ashx?action=msdsdocument&auth=200C200C200C200C2008207A200D2078200C200C200C200C200C200C200C200C200C2008&param1=ZmRwLjFfOTI5ODAwMDNORQ==&unique=1735792325&session=d64b09b5101dcf97bbb6004786768ae9&hostname=108.6.172.23
hexanes,https://sds.chemicalsafety.com/sds/pda/msds/getpdf.ashx?action=msdsdocument&auth=200C200C200C200C2008207A200D2078200C200C200C200C200C200C200C200C200C2008&param1=ZmRwLjFfNzY0MTEwMDNORQ==&unique=1735792327&session=9035c23e8bc56601cc7181231a35692f&hostname=108.6.172.23
isopropanol,https://sds.chemicalsafety.com/sds/pda/msds/getpdf.ashx?action=msdsdocument&auth=200C200C200C200C2008207A200D2078200C200C200C200C200C200C200C200C200C2008&param1=ZmRwLjFfNTUyMjEwMDNORQ==&unique=1735792330&session=10529b8b9f03d347223d3c8c8cfba72c&hostname=108.6.172.23
magnesium ribbon,https://sds.chemicalsafety.com/sds/pda/msds/getpdf.ashx?action=msdsdocument&auth=200C200C200C200C2008207A200D2078200C200C200C200C200C200C200C200C200C2008&param1=ZmRwLjJfMjU4ODgyMDNORQ==&unique=1735792332&session=263b6b19ad217e0b267f7bcbbffc4897&hostname=108.6.172.23
methyl alcohol,https://sds.chemicalsafety.com/sds/pda/msds/getpdf.ashx?action=msdsdocument&auth=200C200C200C200C2008207A200D2078200C200C200C200C200C200C200C200C200C2008&param1=ZmRwLjFfNDgyMTYyMDNORQ==&unique=1735792334&session=7446fa9d85e65f9856a708871edc3dfc&hostname=108.6.172.23
naphthalene (solid),
n-propanol,https://sds.chemicalsafety.com/sds/pda/msds/getpdf.ashx?action=msdsdocument&auth=200C200C200C200C2008207A200D2078200C200C200C200C200C200C200C200C200C2008&param1=ZmRwLjFfMjA4MTkxMDNORQ==&unique=1735792336&session=e11eabbaa9042db6ff12d07400426767&hostname=108.6.172.23
petroleum ether,https://sds.chemicalsafety.com/sds/pda/msds/getpdf.ashx?action=msdsdocument&auth=200C200C200C200C2008207A200D2078200C200C200C200C200C200C200C200C200C2008&param1=ZmRwLjFfMzMzMjkxMDNORQ==&unique=1735792338&session=0bfa87f7e7108a3eb47a14ac802cff82&hostname=108.6.172.23
phenolphthalein (solution),
rubbing alcohol (70% propanol),
tertiary-butyl alcohol,
thermite,
zinc dust,https://sds.chemicalsafety.com/sds/pda/msds/getpdf.ashx?action=msdsdocument&auth=200C200C200C200C2008207A200D2078200C200C200C200C200C200C200C200C200C2008&param1=ZmRwLjFfMjYxMTYyMDNORQ==&unique=1735792341&session=7d399454289199c3b7da500b5b1aacb1&hostname=108.6.172.23
"hydrogen peroxide, 3%",https://sds.chemicalsafety.com/sds/pda/msds/getpdf.ashx?action=msdsdocument&auth=200C200C200C200C2008207A200D2078200C200C200C200C200C200C200C200C200C2008&param1=ZmRwLjFfMjk1ODAyMDNORQ==&unique=1735792343&session=f0f600438bb7e82ae7b7f89116b9e12e&hostname=108.6.172.23
"hydrogen peroxide, 30%",https://sds.chemicalsafety.com/sds/pda/msds/getpdf.ashx?action=msdsdocument&auth=200C200C200C200C2008207A200D2078200C200C200C200C200C200C200C200C200C2008&param1=ZmRwLjFfNzIxODk3MjNORQ==&unique=1735792350&session=f997da642b01d10a0421c129c1a625bf&hostname=108.6.172.23
ammonium hydroxide,https://sds.chemicalsafety.com/sds/pda/msds/getpdf.ashx?action=msdsdocument&auth=200C200C200C200C2008207A200D2078200C200C200C200C200C200C200C200C200C2008&param1=ZmRwLjFfMzA4NDAwMDNORQ==&unique=1735792352&session=7539a0cf4494054170c8488b08ebe89f&hostname=108.6.172.23
glacial acetic acid,https://sds.chemicalsafety.com/sds/pda/msds/getpdf.ashx?action=msdsdocument&auth=200C200C200C200C2008207A200D2078200C200C200C200C200C200C200C200C200C2008&param1=ZmRwLjFfNDE3MTIyNDNORQ==&unique=1735792354&session=18f87e21206d748904cd5ce395dfc807&hostname=108.6.172.23
"hydrochloric acid, 12 M",
phosphoric acid,https://sds.chemicalsafety.com/sds/pda/msds/getpdf.ashx?action=msdsdocument&auth=200C200C200C200C2008207A200D2078200C200C200C200C200C200C200C200C200C2008&param1=ZmRwLjFfMzk4ODAwMDNORQ==&unique=1735792357&session=dafe599152bec761d9409fd065f052a7&hostname=108.6.172.23
potassium hydroxide (solid),
sodium hydroxide (solid),
sodium hydrxide (50% solution),
"sulfuric acid, 18 M",
aluminum nitrate,https://sds.chemicalsafety.com/sds/pda/msds/getpdf.ashx?action=msdsdocument&auth=200C200C200C200C2008207A200D2078200C200C200C200C200C200C200C200C200C2008&param1=ZmRwLjFfMzUyMzA3MzNORQ==&unique=1735792361&session=0b6b1a8acd2be779a975c00839d34516&hostname=108.6.172.23
ammonium dichromate,https://sds.chemicalsafety.com/sds/pda/msds/getpdf.ashx?action=msdsdocument&auth=200C200C200C200C2008207A200D2078200C200C200C200C200C200C200C200C200C2008&param1=ZmRwLjFfNzE5MzEwMDNORQ==&unique=1735792363&session=e4af3176e72b2aa6bfb6c614b7e39429&hostname=108.6.172.23
ammonium molybdate,https://sds.chemicalsafety.com/sds/pda/msds/getpdf.ashx?action=msdsdocument&auth=200C200C200C200C2008207A200D2078200C200C200C200C200C200C200C200C200C2008&param1=ZmRwLjFfNjc0NDEwMDNORQ==&unique=1735792365&session=bf7abcf46782b1a1ee78133719668f6f&hostname=108.6.172.23
ammonium nitrate,https://sds.chemicalsafety.com/sds/pda/msds/getpdf.ashx?action=msdsdocument&auth=200C200C200C200C2008207A200D2078200C200C200C200C200C200C200C200C200C2008&param1=ZmRwLjFfODExNjAwMDNORQ==&unique=1735792367&session=88bcfb117e2d637ed72f42cb60241481&hostname=108.6.172.23
barium nitrate,https://sds.chemicalsafety.com/sds/pda/msds/getpdf.ashx?action=msdsdocument&auth=200C200C200C200C2008207A200D2078200C200C200C200C200C200C200C200C200C2008&param1=ZmRwLjFfOTQwNDEwMDNORQ==&unique=1735792369&session=ac6ff801991a0fa8834167c416ecc8c7&hostname=108.6.172.23
calcium nitrate,https://sds.chemicalsafety.com/sds/pda/msds/getpdf.ashx?action=msdsdocument&auth=200C200C200C200C2008207A200D2078200C200C200C200C200C200C200C200C200C2008&param1=ZmRwLjFfNjgwMjA0MzNORQ==&unique=1735792371&session=e3197a2c1b0d9f0104fbb395bd4a6377&hostname=108.6.172.23
cupric nitrate,https://sds.chemicalsafety.com/sds/pda/msds/getpdf.ashx?action=msdsdocument&auth=200C200C200C200C2008207A200D2078200C200C200C200C200C200C200C200C200C2008&param1=ZmRwLjFfMjI0MjE0MzNORQ==&unique=1735792373&session=eb4a5fc7d9e1922c73a8552f574822de&hostname=108.6.172.23
ferric nitrate,https://sds.chemicalsafety.com/sds/pda/msds/getpdf.ashx?action=msdsdocument&auth=200C200C200C200C2008207A200D2078200C200C200C200C200C200C200C200C200C2008&param1=ZmRwLjFfNDQ4MjA0MzNORQ==&unique=1735792375&session=1ee25b3e7d700ed88d5bfea8bd176da2&hostname=108.6.172.23
lead nitrate,https://sds.chemicalsafety.com/sds/pda/msds/getpdf.ashx?action=msdsdocument&auth=200C200C200C200C2008207A200D2078200C200C200C200C200C200C200C200C200C2008&param1=ZmRwLjFfMDU5NjE0MzNORQ==&unique=1735792377&session=7aeccceb11fd6518fdaba4122fe35ec3&hostname=108.6.172.23
lithium nitrate,https://sds.chemicalsafety.com/sds/pda/msds/getpdf.ashx?action=msdsdocument&auth=200C200C200C200C2008207A200D2078200C200C200C200C200C200C200C200C200C2008&param1=ZmRwLjFfMDQ5MzEwMDNORQ==&unique=1735792379&session=460d6d5d89dcc8f9c2aa9da9796d915d&hostname=108.6.172.23
potassium chlorate,https://sds.chemicalsafety.com/sds/pda/msds/getpdf.ashx?action=msdsdocument&auth=200C200C200C200C2008207A200D2078200C200C200C200C200C200C200C200C200C2008&param1=ZmRwLjFfNjA1NDA0MzNORQ==&unique=1735792381&session=52db3f85f48866402231d14033536938&hostname=108.6.172.23
potassium dichromate,https://sds.chemicalsafety.com/sds/pda/msds/getpdf.ashx?action=msdsdocument&auth=200C200C200C200C2008207A200D2078200C200C200C200C200C200C200C200C200C2008&param1=ZmRwLjFfMjQ5NjI0MDNORQ==&unique=1735792383&session=8d2893fc2aac17be53b702b648324657&hostname=108.6.172.23
potassium iodate,https://sds.chemicalsafety.com/sds/pda/msds/getpdf.ashx?action=msdsdocument&auth=200C200C200C200C2008207A200D2078200C200C200C200C200C200C200C200C200C2008&param1=ZmRwLjJfMjg4NTYxMzNORQ==&unique=1735792385&session=7df724261d7c31cb42ae3f8f8c6e61ca&hostname=108.6.172.23
potassium nitrate,https://sds.chemicalsafety.com/sds/pda/msds/getpdf.ashx?action=msdsdocument&auth=200C200C200C200C2008207A200D2078200C200C200C200C200C200C200C200C200C2008&param1=ZmRwLjFfMjAxNzA0MzNORQ==&unique=1735792387&session=27796f532b7dd6b5e83899e1fb4c2eba&hostname=108.6.172.23
potassium permanganate,https://sds.chemicalsafety.com/sds/pda/msds/getpdf.ashx?action=msdsdocument&auth=200C200C200C200C2008207A200D2078200C200C200C200C200C200C200C200C200C2008&param1=ZmRwLjFfMjU4OTA0MzNORQ==&unique=1735792389&session=6e7314d5a13ef1bff986319606fc9db2&hostname=108.6.172.23
silver nitrate (solid),
silver nitrate (solution),
sodium borate,https://sds.chemicalsafety.com/sds/pda/msds/getpdf.ashx?action=msdsdocument&auth=200C200C200C200C2008207A200D2078200C200C200C200C200C200C200C200C200C2008&param1=ZmRwLjFfNTkwMjkxMDNORQ==&unique=1735792391&session=bde96a9c2760e598f91acc6076d5c1ef&hostname=108.6.172.23
sodium chlorate,https://sds.chemicalsafety.com/sds/pda/msds/getpdf.ashx?action=msdsdocument&auth=200C200C200C200C2008207A200D2078200C200C200C200C200C200C200C200C200C2008&param1=ZmRwLjFfODM5NDAwMDNORQ==&unique=1735792393&session=6174f57ea60954d389bd5592fa5acb9e&hostname=108.6.172.23
sodium dichromate,https://sds.chemicalsafety.com/sds/pda/msds/getpdf.ashx?action=msdsdocument&auth=200C200C200C200C2008207A200D2078200C200C200C200C200C200C200C200C200C2008&param1=ZmRwLjFfNzcyMTEzMzNORQ==&unique=1735792395&session=3c40068881ef2a2082e365ab05bdff0e&hostname=108.6.172.23
sodium nitrate,https://sds.chemicalsafety.com/sds/pda/msds/getpdf.ashx?action=msdsdocument&auth=200C200C200C200C2008207A200D2078200C200C200C200C200C200C200C200C200C2008&param1=ZmRwLjFfMTIyNjAwMDNORQ==&unique=1735792397&session=947e722b8266318f0aa67e63098b9a04&hostname=108.6.172.23
sodium nitrite,https://sds.chemicalsafety.com/sds/pda/msds/getpdf.ashx?action=msdsdocument&auth=200C200C200C200C2008207A200D2078200C200C200C200C200C200C200C200C200C2008&param1=ZmRwLjFfMzIyNjAwMDNORQ==&unique=1735792399&session=93496b9aa009f4cc638d5b87f58e35d3&hostname=108.6.172.23
strontium nitrate,https://sds.chemicalsafety.com/sds/pda/msds/getpdf.ashx?action=msdsdocument&auth=200C200C200C200C2008207A200D2078200C200C200C200C200C200C200C200C200C2008&param1=ZmRwLjFfODAxNDEwMDNORQ==&unique=1735792401&session=732bde2b5af0d6d0753347cbf93215fe&hostname=108.6.172.23
zinc nitrate,https://sds.chemicalsafety.com/sds/pda/msds/getpdf.ashx?action=msdsdocument&auth=200C200C200C200C2008207A200D2078200C200C200C200C200C200C200C200C200C2008&param1=ZmRwLjFfNjk3ODI0MzNORQ==&unique=1735792403&session=f5d109c0eb0c76a1d6f2f6fdc5f96635&hostname=108.6.172.23
aluminum shot,https://sds.chemicalsafety.com/sds/pda/msds/getpdf.ashx?action=msdsdocument&auth=200C200C200C200C2008207A200D2078200C200C200C200C200C200C200C200C200C2008&param1=ZmRwLjJfNTUyNDIwMDNORQ==&unique=1735792405&session=4697b59534a4ac5c4084e5232518a636&hostname=108.6.172.23
calcium hydroxide,https://sds.chemicalsafety.com/sds/pda/msds/getpdf.ashx?action=msdsdocument&auth=200C200C200C200C2008207A200D2078200C200C200C200C200C200C200C200C200C2008&param1=ZmRwLjFfMjA2NTAwMDNORQ==&unique=1735792412&session=12c4ccd8291b5a32d2f33b3995431527&hostname=108.6.172.23
carbon (graphite powder),
carbon dioxide gas,https://sds.chemicalsafety.com/sds/pda/msds/getpdf.ashx?action=msdsdocument&auth=200C200C200C200C2008207A200D2078200C200C200C200C200C200C200C200C200C2008&param1=ZmRwLjFfMzIyODU5MjNORQ==&unique=1735792414&session=d095d00c6d7b9cc9bc67110a589b559e&hostname=108.6.172.23
cobalt chloride,https://sds.chemicalsafety.com/sds/pda/msds/getpdf.ashx?action=msdsdocument&auth=200C200C200C200C2008207A200D2078200C200C200C200C200C200C200C200C200C2008&param1=ZmRwLjJfNzg1MzQxMzNORQ==&unique=1735792416&session=bc33d215305ea6b14113605baf677e38&hostname=108.6.172.23
copper shot,https://sds.chemicalsafety.com/sds/pda/msds/getpdf.ashx?action=msdsdocument&auth=200C200C200C200C2008207A200D2078200C200C200C200C200C200C200C200C200C2008&param1=ZmRwLjZfODk0NjIwMDNORQ==&unique=1735792418&session=8d5931a9ca62f45a8b6e7f48d0949650&hostname=108.6.172.23
cupric chloride,https://sds.chemicalsafety.com/sds/pda/msds/getpdf.ashx?action=msdsdocument&auth=200C200C200C200C2008207A200D2078200C200C200C200C200C200C200C200C200C2008&param1=ZmRwLjFfMTYxMjkxMDNORQ==&unique=1735792425&session=ce27b97bee0e3e6de5d24f0e87f9cdd8&hostname=108.6.172.23
cupric oxide,https://sds.chemicalsafety.com/sds/pda/msds/getpdf.ashx?action=msdsdocument&auth=200C200C200C200C2008207A200D2078200C200C200C200C200C200C200C200C200C2008&param1=ZmRwLjFfNjY0MjkxMDNORQ==&unique=1735792427&session=4ae34480a7a1716742b1b0fcb538d3c8&hostname=108.6.172.23
ethidium bromide,https://sds.chemicalsafety.com/sds/pda/msds/getpdf.ashx?action=msdsdocument&auth=200C200C200C200C2008207A200D2078200C200C200C200C200C200C200C200C200C2008&param1=ZmRwLjFfMjI2NTAwMDNORQ==&unique=1735792429&session=7a52e705e9f7e64ecc0b3b08fd1c9464&hostname=108.6.172.23
ferrous chloride,https://sds.chemicalsafety.com/sds/pda/msds/getpdf.ashx?action=msdsdocument&auth=200C200C200C200C2008207A200D2078200C200C200C200C200C200C200C200C200C2008&param1=ZmRwLjFfNDA2NjUyMDNORQ==&unique=1735792430&session=0adc663a6ed22217503798ef04ae04e0&hostname=108.6.172.23
ferrous sulfate,https://sds.chemicalsafety.com/sds/pda/msds/getpdf.ashx?action=msdsdocument&auth=200C200C200C200C2008207A200D2078200C200C200C200C200C200C200C200C200C2008&param1=ZmRwLjFfMTE1NDcyMzNORQ==&unique=1735792432&session=dade95faae0c8bd77b0c38a2f82be5f1&hostname=108.6.172.23
fluorescein,https://sds.chemicalsafety.com/sds/pda/msds/getpdf.ashx?action=msdsdocument&auth=200C200C200C200C2008207A200D2078200C200C200C200C200C200C200C200C200C2008&param1=ZmRwLjFfMDU2Mzk5MzNORQ==&unique=1735792434&session=97791f535a30205a3aa4c627ba7c0ccd&hostname=108.6.172.23
helium gas,
iodine,https://sds.chemicalsafety.com/sds/pda/msds/getpdf.ashx?action=msdsdocument&auth=200C200C200C200C2008207A200D2078200C200C200C200C200C200C200C200C200C2008&param1=ZmRwLjFfNjg4ODAwMDNORQ==&unique=1735792437&session=ce76cbb463e149f62db5339d6b9cb49e&hostname=108.6.172.23
iron filings,https://sds.chemicalsafety.com/sds/pda/msds/getpdf.ashx?action=msdsdocument&auth=200C200C200C200C2008207A200D2078200C200C200C200C200C200C200C200C200C2008&param1=ZmRwLjFfOTE2ODU5MjNORQ==&unique=1735792439&session=74eaa9d3f1ac7859b34beed1c1705c17&hostname=108.6.172.23
magnesium sulfate,https://sds.chemicalsafety.com/sds/pda/msds/getpdf.ashx?action=msdsdocument&auth=200C200C200C200C2008207A200D2078200C200C200C200C200C200C200C200C200C2008&param1=ZmRwLjFfNzU4NzgxMjNORQ==&unique=1735792445&session=3cb7797ac0aadc84b36a045b78628f76&hostname=108.6.172.23
manganese dioxide,https://sds.chemicalsafety.com/sds/pda/msds/getpdf.ashx?action=msdsdocument&auth=200C200C200C200C2008207A200D2078200C200C200C200C200C200C200C200C200C2008&param1=ZmRwLjFfMTUwNTUyMDNORQ==&unique=1735792452&session=380a9e8e0d2bbe224c17ddc8b13732bf&hostname=108.6.172.23
potassium bitartrate,https://sds.chemicalsafety.com/sds/pda/msds/getpdf.ashx?action=msdsdocument&auth=200C200C200C200C2008207A200D2078200C200C200C200C200C200C200C200C200C2008&param1=ZmRwLjFfNTgwNDYxMTNORQ==&unique=1735792454&session=e06970ce18f9fd192c0aa6a90e7ae40f&hostname=108.6.172.23
potassium bisulfite,https://sds.chemicalsafety.com/sds/pda/msds/getpdf.ashx?action=msdsdocument&auth=200C200C200C200C2008207A200D2078200C200C200C200C200C200C200C200C200C2008&param1=ZmRwLjFfNTY1OTk1MDNORQ==&unique=1735792460&session=11ec738d231fe0c38b5dc6677efa96a8&hostname=108.6.172.23
potassium bromide,https://sds.chemicalsafety.com/sds/pda/msds/getpdf.ashx?action=msdsdocument&auth=200C200C200C200C2008207A200D2078200C200C200C200C200C200C200C200C200C2008&param1=ZmRwLjFfOTk0MzU5MjNORQ==&unique=1735792462&session=7f7d396af5e77f051ac9ee30bc1033bb&hostname=108.6.172.23
potassium iodide,https://sds.chemicalsafety.com/sds/pda/msds/getpdf.ashx?action=msdsdocument&auth=200C200C200C200C2008207A200D2078200C200C200C200C200C200C200C200C200C2008&param1=ZmRwLjFfMDExNDU5MjNORQ==&unique=1735792464&session=dda4ee6bf07a641fe73c191ba44685c4&hostname=108.6.172.23
potassium sulfate,https://sds.chemicalsafety.com/sds/pda/msds/getpdf.ashx?action=msdsdocument&auth=200C200C200C200C2008207A200D2078200C200C200C200C200C200C200C200C200C2008&param1=ZmRwLjFfNTU0MTU5MjNORQ==&unique=1735792466&session=85e2460606d856e397f4dbcddc24fbcb&hostname=108.6.172.23
potassium thiocyanate,https://sds.chemicalsafety.com/sds/pda/msds/getpdf.ashx?action=msdsdocument&auth=200C200C200C200C2008207A200D2078200C200C200C200C200C200C200C200C200C2008&param1=ZmRwLjFfMjgxODYxMzNORQ==&unique=1735792469&session=e4f45c91867e05a47986c5f83f1ae57b&hostname=108.6.172.23
polyvinyl alcohol,https://sds.chemicalsafety.com/sds/pda/msds/getpdf.ashx?action=msdsdocument&auth=200C200C200C200C2008207A200D2078200C200C200C200C200C200C200C200C200C2008&param1=ZmRwLjFfMjc3MTkxMDNORQ==&unique=1735792471&session=df71fbf13009243db6a7c9b2f1810b4c&hostname=108.6.172.23
sodium bicarbonate,https://sds.chemicalsafety.com/sds/pda/msds/getpdf.ashx?action=msdsdocument&auth=200C200C200C200C2008207A200D2078200C200C200C200C200C200C200C200C200C2008&param1=ZmRwLjFfNzcwODExMzNORQ==&unique=1735792478&session=bd630a6b67a9d09d1ea3320a04c5e40d&hostname=108.6.172.23
sodium carbonate,https://sds.chemicalsafety.com/sds/pda/msds/getpdf.ashx?action=msdsdocument&auth=200C200C200C200C2008207A200D2078200C200C200C200C200C200C200C200C200C2008&param1=ZmRwLjFfODQyNjAwMDNORQ==&unique=1735792480&session=719337b5700d421a21de8d4848f46928&hostname=108.6.172.23
sodium iodide,https://sds.chemicalsafety.com/sds/pda/msds/getpdf.ashx?action=msdsdocument&auth=200C200C200C200C2008207A200D2078200C200C200C200C200C200C200C200C200C2008&param1=ZmRwLjFfNzI5NDAwMDNORQ==&unique=1735792482&session=dab38be3cd833e9b41e125e2a0ffa39b&hostname=108.6.172.23
sodium phosphate,https://sds.chemicalsafety.com/sds/pda/msds/getpdf.ashx?action=msdsdocument&auth=200C200C200C200C2008207A200D2078200C200C200C200C200C200C200C200C200C2008&param1=ZmRwLjFfNDU1ODYwMDNORQ==&unique=1735792484&session=3ed93b96270211016c19bc94a7ef71d5&hostname=108.6.172.23
sodium thiosulfate,https://sds.chemicalsafety.com/sds/pda/msds/getpdf.ashx?action=msdsdocument&auth=200C200C200C200C2008207A200D2078200C200C200C200C200C200C200C200C200C2008&param1=ZmRwLjFfMTIyMzU5MjNORQ==&unique=1735792486&session=27c82fcdfbfd969a92e239d897e8626c&hostname=108.6.172.23
stearic acid,https://sds.chemicalsafety.com/sds/pda/msds/getpdf.ashx?action=msdsdocument&auth=200C200C200C200C2008207A200D2078200C200C200C200C200C200C200C200C200C2008&param1=ZmRwLjFfNzUxMjEwMDNORQ==&unique=1735792492&session=5e2588b325da27f3597cd71bccce2bd5&hostname=108.6.172.23
strontium chloride,https://sds.chemicalsafety.com/sds/pda/msds/getpdf.ashx?action=msdsdocument&auth=200C200C200C200C2008207A200D2078200C200C200C200C200C200C200C200C200C2008&param1=ZmRwLjFfODY1MTc4MzNORQ==&unique=1735792499&session=1a95fc912de67d6494afcbc7a40160b2&hostname=108.6.172.23
sulfur,https://sds.chemicalsafety.com/sds/pda/msds/getpdf.ashx?action=msdsdocument&auth=200C200C200C200C2008207A200D2078200C200C200C200C200C200C200C200C200C2008&param1=ZmRwLjJfMTQyMDI0MDNORQ==&unique=1735792501&session=c5df0d548e6ff7d4b08c2f6e58abe59b&hostname=108.6.172.23
zinc,https://sds.chemicalsafety.com/sds/pda/msds/getpdf.ashx?action=msdsdocument&auth=200C200C200C200C2008207A200D2078200C200C200C200C200C200C200C200C200C2008&param1=ZmRwLjEyXzQ3MTA4NjAzTkU=&unique=1735792503&session=49807f25e476343188420731736ec7ae&hostname=108.6.172.23
zinc carbonate,https://sds.chemicalsafety.com/sds/pda/msds/getpdf.ashx?action=msdsdocument&auth=200C200C200C200C2008207A200D2078200C200C200C200C200C200C200C200C200C2008&param1=ZmRwLjFfNjQ2NzI0MzNORQ==&unique=1735792505&session=518bfac0d3c38430f539c52f936f73b6&hostname=108.6.172.23
zinc oxide,https://sds.chemicalsafety.com/sds/pda/msds/getpdf.ashx?action=msdsdocument&auth=200C200C200C200C2008207A200D2078200C200C200C200C200C200C200C200C200C2008&param1=ZmRwLjJfOTI2ODYxMzNORQ==&unique=1735792507&session=de30d98faa58f337200f0723752d8e4b&hostname=108.6.172.23
zinc sulfate,https://sds.chemicalsafety.com/sds/pda/msds/getpdf.ashx?action=msdsdocument&auth=200C200C200C200C2008207A200D2078200C200C200C200C200C200C200C200C200C2008&param1=ZmRwLjFfMTI3NDE4MzNORQ==&unique=1735792509&session=d2a4797fa5df269902d29316a46e9506&hostname=108.6.172.23
acetone,https://sds.chemicalsafety.com/sds/pda/msds/getpdf.ashx?action=msdsdocument&auth=200C200C200C200C2008207A200D2078200C200C200C200C200C200C200C200C200C2008&param1=ZmRwLjFfNjYwNDAwMDNORQ==&unique=1735792511&session=9434be3af5ac17a8bac375779713d7a6&hostname=108.6.172.23
aluminum powder,https://sds.chemicalsafety.com/sds/pda/msds/getpdf.ashx?action=msdsdocument&auth=200C200C200C200C2008207A200D2078200C200C200C200C200C200C200C200C200C2008&param1=ZmRwLjRfNzYzNDIwMDNORQ==&unique=1735792513&session=42310b53acebfc07288982ad3f0c087a&hostname=108.6.172.23
ethanol,https://sds.chemicalsafety.com/sds/pda/msds/getpdf.ashx?action=msdsdocument&auth=200C200C200C200C2008207A200D2078200C200C200C200C200C200C200C200C200C2008&param1=ZmRwLjJfNTM5ODY5MzNORQ==&unique=1735792515&session=8c877db17094a838cb9e276c35118ec8&hostname=108.6.172.23
hexanes,https://sds.chemicalsafety.com/sds/pda/msds/getpdf.ashx?action=msdsdocument&auth=200C200C200C200C2008207A200D2078200C200C200C200C200C200C200C200C200C2008&param1=ZmRwLjFfNzY0MTEwMDNORQ==&unique=1735792517&session=9e83004521535434f227627a47deb2f4&hostname=108.6.172.23
hydrogen gas,https://sds.chemicalsafety.com/sds/pda/msds/getpdf.ashx?action=msdsdocument&auth=200C200C200C200C2008207A200D2078200C200C200C200C200C200C200C200C200C2008&param1=ZmRwLjFfODUxODg1MDNORQ==&unique=1735792519&session=f5784e1441c65bc499b600cf30beb411&hostname=108.6.172.23
isopropanol,https://sds.chemicalsafety.com/sds/pda/msds/getpdf.ashx?action=msdsdocument&auth=200C200C200C200C2008207A200D2078200C200C200C200C200C200C200C200C200C2008&param1=ZmRwLjFfNTUyMjEwMDNORQ==&unique=1735792521&session=d42de2b407aa2d54f7f775b873058314&hostname=108.6.172.23
lycopodium,https://sds.chemicalsafety.com/sds/pda/msds/getpdf.ashx?action=msdsdocument&auth=200C200C200C200C2008207A200D2078200C200C200C200C200C200C200C200C200C2008&param1=ZmRwLjFfNTYyMDM0MDNORQ==&unique=1735792523&session=d0e5754ce581ce8cc6023b7205127152&hostname=108.6.172.23
magensium ribbon,
petroleum ether,https://sds.chemicalsafety.com/sds/pda/msds/getpdf.ashx?action=msdsdocument&auth=200C200C200C200C2008207A200D2078200C200C200C200C200C200C200C200C200C2008&param1=ZmRwLjFfMzMzMjkxMDNORQ==&unique=1735792525&session=bb86ccca3de7a6c86945f0b31663dca2&hostname=108.6.172.23
phenol,https://sds.chemicalsafety.com/sds/pda/msds/getpdf.ashx?action=msdsdocument&auth=200C200C200C200C2008207A200D2078200C200C200C200C200C200C200C200C200C2008&param1=ZmRwLjFfODQ5NjAwMDNORQ==&unique=1735792527&session=ab4910a436be971892ad49dc3da48a45&hostname=108.6.172.23
sodium metal,https://sds.chemicalsafety.com/sds/pda/msds/getpdf.ashx?action=msdsdocument&auth=200C200C200C200C2008207A200D2078200C200C200C200C200C200C200C200C200C2008&param1=ZmRwLjFfMDc4NjYzMjNORQ==&unique=1735792529&session=a09865fec2fb6ac059b3aafc58e701ab&hostname=108.6.172.23
thermite kits,
nitric acid,https://sds.chemicalsafety.com/sds/pda/msds/getpdf.ashx?action=msdsdocument&auth=200C200C200C200C2008207A200D2078200C200C200C200C200C200C200C200C200C2008&param1=ZmRwLjFfNjQyNTAyMDNORQ==&unique=1735792531&session=51960a8da44949bb694a5d1c995dfb8f&hostname=108.6.172.23
potassium permanganate,https://sds.chemicalsafety.com/sds/pda/msds/getpdf.ashx?action=msdsdocument&auth=200C200C200C200C2008207A200D2078200C200C200C200C200C200C200C200C200C2008&param1=ZmRwLjFfMjU4OTA0MzNORQ==&unique=1735792533&session=159a0e8697cd1b30e721b2426f551661&hostname=108.6.172.23
sodium nitrate,https://sds.chemicalsafety.com/sds/pda/msds/getpdf.ashx?action=msdsdocument&auth=200C200C200C200C2008207A200D2078200C200C200C200C200C200C200C200C200C2008&param1=ZmRwLjFfMTIyNjAwMDNORQ==&unique=1735792535&session=3333f71947ba56fce1421a09a6c05cef&hostname=108.6.172.23
2-mercaptoethanol,https://sds.chemicalsafety.com/sds/pda/msds/getpdf.ashx?action=msdsdocument&auth=200C200C200C200C2008207A200D2078200C200C200C200C200C200C200C200C200C2008&param1=ZmRwLjFfNDgxMjEwMDNORQ==&unique=1735792537&session=92951fb6b4ef2d882e16742950d40685&hostname=108.6.172.23
acetone,https://sds.chemicalsafety.com/sds/pda/msds/getpdf.ashx?action=msdsdocument&auth=200C200C200C200C2008207A200D2078200C200C200C200C200C200C200C200C200C2008&param1=ZmRwLjFfNjYwNDAwMDNORQ==&unique=1735792539&session=1164c607383ea0bf93571ae1c9b700ac&hostname=108.6.172.23
ethanol,https://sds.chemicalsafety.com/sds/pda/msds/getpdf.ashx?action=msdsdocument&auth=200C200C200C200C2008207A200D2078200C200C200C200C200C200C200C200C200C2008&param1=ZmRwLjFfNTM5ODY5MzNORQ==&unique=1735792541&session=36649657573cce00fb202399e32ea183&hostname=108.6.172.23
ethyl acetate,https://sds.chemicalsafety.com/sds/pda/msds/getpdf.ashx?action=msdsdocument&auth=200C200C200C200C2008207A200D2078200C200C200C200C200C200C200C200C200C2008&param1=ZmRwLjFfOTkyNDU1MDNORQ==&unique=1735792543&session=e1939b5ef983f651ee84ee1b21f63c87&hostname=108.6.172.23
hexanes,https://sds.chemicalsafety.com/sds/pda/msds/getpdf.ashx?action=msdsdocument&auth=200C200C200C200C2008207A200D2078200C200C200C200C200C200C200C200C200C2008&param1=ZmRwLjFfNzY0MTEwMDNORQ==&unique=1735792545&session=7a3b913c318ce986ddb755c70b5f28f5&hostname=108.6.172.23
isopropanol,https://sds.chemicalsafety.com/sds/pda/msds/getpdf.ashx?action=msdsdocument&auth=200C200C200C200C2008207A200D2078200C200C200C200C200C200C200C200C200C2008&param1=ZmRwLjFfNTUyMjEwMDNORQ==&unique=1735792547&session=df5f5cb23db36b3b3965fad924a9954c&hostname=108.6.172.23
methanol,https://sds.chemicalsafety.com/sds/pda/msds/getpdf.ashx?action=msdsdocument&auth=200C200C200C200C2008207A200D2078200C200C200C200C200C200C200C200C200C2008&param1=ZmRwLjFfNTQyMjEwMDNORQ==&unique=1735792549&session=cb76364c2b896c5870e196e8ebb3db4c&hostname=108.6.172.23
n-butanol,https://sds.chemicalsafety.com/sds/pda/msds/getpdf.ashx?action=msdsdocument&auth=200C200C200C200C2008207A200D2078200C200C200C200C200C200C200C200C200C2008&param1=ZmRwLjFfNDg1MzgxMDNORQ==&unique=1735792551&session=93aee0f198e45fd7dc10ea91d601a666&hostname=108.6.172.23
ninhydrin (solid),
ninhydrin (solution),
toluene,https://sds.chemicalsafety.com/sds/pda/msds/getpdf.ashx?action=msdsdocument&auth=200C200C200C200C2008207A200D2078200C200C200C200C200C200C200C200C200C2008&param1=ZmRwLjFfMzE4Nzg5MzNORQ==&unique=1735792554&session=1a0805e19562d9f5ca221ea51b2257d7&hostname=108.6.172.23
DMSO,https://sds.chemicalsafety.com/sds/pda/msds/getpdf.ashx?action=msdsdocument&auth=200C200C200C200C2008207A200D2078200C200C200C200C200C200C200C200C200C2008&param1=ZmRwLjFfMTE3MDU5NDNORQ==&unique=1735792556&session=a2118427bdf3f47a68e8898d8795f2d6&hostname=108.6.172.23
